<?xml version="1.0"?>
<!DOCTYPE hibernate-mapping PUBLIC "-//Hibernate/Hibernate Mapping DTD 3.0//EN"
"http://hibernate.sourceforge.net/hibernate-mapping-3.0.dtd">
<!-- Generated 1 f?vr. 2015 11:00:12 by Hibernate Tools 3.4.0.CR1 -->
<hibernate-mapping>
    <class name="com.model.Moniteur" table="moniteur" catalog="auto_ecole">
        <id name="numm" type="int">
            <column name="numm" />
            <generator class="identity" />
        </id>
        <property name="nom" type="string">
            <column name="nom" length="20" />
        </property>
        <property name="prenom" type="string">
            <column name="prenom" length="20" />
        </property>
    </class>
</hibernate-mapping>
